[
	{"id":"1", "x":"31.771959", "y":"35.217018", "image": "001.jpg", "title":"Jerusalem, Israel", "author": "Solange"},
	{"id":"2", "x":"-38.1731", "y":" -57.6519", "image": "002.jpg", "title":"Chapadmalal (Buenos Aires), Argentina", "author": "Camila"},
	{"id":"3", "x":"-34.6131516", "y":"-58.3772316", "image": "003.jpg", "title":"CABA (Buenos Aires), Argentina", "author": "Santiago"},
	{"id":"4", "x":"-38.7", "y":"-62.266667", "image": "004.jpg", "title":"Bahía Blanca (Buenos Aires), Argentina", "author": "Homo Ludens"},	
	{"id":"5", "x":"35.6895000", "y":"139.6917100", "image": "005.jpg", "title":"Tokyo, Japón", "author": "Adrián"},	
	{"id":"6", "x":"-38.9516100", "y":"-68.0591000", "image": "006.jpg", "title":"Neuquén (Neuquén), Argentina", "author": "Javier"},	
	{"id":"7", "x":"-24.895833", "y":"-65.487222", "image": "007.jpg", "title":"Cerrilos (Salta), Argentina", "author": "Delfina"},	
	{"id":"8", "x":"-32.95", "y":"-60.65", "image": "008.jpg", "title":"Rosario (Santa Fe), Argentina", "author": "Juan"},	
	{"id":"9", "x":"-26.2022705 ", "y":"28.0436306", "image": "009.jpg", "title":"Johannesburgo, (Sudáfrica)", "author": "Gaby"}
]